{"cameraMode":{"drawMode":0,"name":"Shaded","section":"Shading Mode"},"sceneLighting":false,"audioPlay":false,"sceneViewState":{"showFog":true,"showMaterialUpdate":true,"showSkybox":false,"showFlares":true,"showImageEffects":true,"showParticleSystems":true},"in2DMode":false,"pivot":{"x":2.721311092376709,"y":2.2942206859588625,"z":17.55747413635254},"rotation":{"x":0.12956805527210236,"y":0.3593946397304535,"z":-0.05046325549483299,"w":0.9227710366249085},"size":3.351686716079712,"orthographic":false}