{"cameraMode":{"drawMode":0,"name":"Shaded","section":"Shading Mode"},"sceneLighting":true,"audioPlay":false,"sceneViewState":{"showFog":true,"showMaterialUpdate":true,"showSkybox":true,"showFlares":true,"showImageEffects":true,"showParticleSystems":true},"in2DMode":false,"pivot":{"x":-4.2062153816223148,"y":-2.2901244163513185,"z":2.453937530517578},"rotation":{"x":0.02944120019674301,"y":-0.9703201055526733,"z":0.1804785579442978,"w":0.1582789272069931},"size":10.392304420471192,"orthographic":false}