{"cameraMode":{"drawMode":0,"name":"Shaded","section":"Shading Mode"},"sceneLighting":false,"audioPlay":false,"sceneViewState":{"showFog":true,"showMaterialUpdate":true,"showSkybox":false,"showFlares":true,"showImageEffects":true,"showParticleSystems":true},"in2DMode":false,"pivot":{"x":0.8300000429153442,"y":-4.470348358154297e-8,"z":13.479999542236329},"rotation":{"x":0.02944120019674301,"y":-0.9703201055526733,"z":0.1804785579442978,"w":0.1582789272069931},"size":0.7524476647377014,"orthographic":false}